artist,genre,popularity
Johnny Cash,country,104272344
Elvis Presley,rock n roll,71070448
Frank Sinatra,jazz,65804306
Nina Simone,jazz,40198909
Louis Armstrong,jazz,25814261
Ray Charles,jazz,26198061
Ella Fitzgerald,jazz,28085788
James Brown,funk,22909752
Miles Davis,jazz,49695219
Nat King Cole,jazz,18655295
Chuck Berry,Rock and Roll,16860769
Dean Martin,jazz,15877991
Etta James,blues,12901219
Roy Orbison,classic rock,12383506
Bing Crosby,jazz,10673211
Sam Cooke,soul,15254753
B.B. King,blues,15020608
Duke Ellington,jazz,12486405
Buddy Holly,rockabilly,11537106
Peggy Lee,jazz,6524623
Chet Baker,jazz,17744521
Muddy Waters,blues,11459992
John Lee Hooker,blues,10553416
Andy Williams,oldies,5999545
Sarah Vaughan,jazz,7380155
Dinah Washington,jazz,6022427
Ben E. King,soul,4478774
Bobby Darin,jazz,5242038
Perry Como,jazz,4527255
Brenda Lee,oldies,3829706
Julie London,jazz,6407834
Little Richard,Rock and Roll,5756840
Charlie Parker,jazz,10001724
Dave Brubeck,jazz,7377850
Hank Williams,country,7747009
Jerry Lee Lewis,rockabilly,5536864
Doris Day,jazz,4007987
Glenn Miller,jazz,5953350
Serge Gainsbourg,french,15385564
Patsy Cline,country,5584573
Barbra Streisand,female vocalists,6932264
Mel Tormé,jazz,2908101
Bobby Helms,country,1644695
Eartha Kitt,jazz,2500972
Fats Domino,blues,3841666
Johnny Mathis,oldies,2959931
Sonny Rollins,jazz,4622320
Count Basie,jazz,4492865
Jackie Wilson,soul,3001698
Rosemary Clooney,jazz,2617773
Dizzy Gillespie,jazz,4102627
Bo Diddley,blues,3779636
Shirley Bassey,jazz,3875539
Eddie Cochran,rockabilly,3386269
Judy Garland,jazz,2847738
Henry Mancini,Soundtrack,4695931
Cliff Richard,oldies,2975620
Sammy Davis Jr.,jazz,2733908
Harry Belafonte,calypso,3248468
Burl Ives,folk,2373097
Ricky Nelson,rockabilly,2667024
Paul Anka,swing,3271162
Louis Prima,swing,3211537
Nancy Wilson,jazz,2521985
Oscar Peterson,jazz,4793418
Del Shannon,60s,2636134
Bill Haley and His Comets,rockabilly,2185406
Bernard Herrmann,Soundtrack,2960726
Gene Autry,country,1676116
Chubby Checker,Rock and Roll,1952883
Carl Perkins,rockabilly,2148526
Sérgio Mendes,Bossa Nova,3631218
Jacques Brel,french,7155907
Lena Horne,jazz,1763869
Fred Astaire,jazz,2169734
Mary Wells,soul,1621889
Art Blakey & The Jazz Messengers,jazz,3190489
Darlene Love,soul,1638543
Elmore James,blues,2517696
Carmen McRae,jazz,2116104
George Jones,country,3200069
Ritchie Valens,Rock and Roll,1898837
Dion,oldies,2170518
Lee Morgan,jazz,2323754
Blossom Dearie,jazz,2821147
Gene Vincent,rockabilly,1891276
Cab Calloway,jazz,2046140
Royal Philharmonic Orchestra,Classical,3271119
Jimmy Smith,jazz,2360485
Art Tatum,jazz,2757690
Marty Robbins,country,2614057
Charlie Feathers,rockabilly,1362509
Bud Powell,jazz,2424944
The Chordettes,50s,1747068
Neil Sedaka,oldies,1688528
Sun Ra,jazz,4804811
Bobby Vinton,oldies,1633005
Ornette Coleman,jazz,2994352
Johnny Nash,reggae,1144463
Marilyn Monroe,jazz,2066197
Ben Webster,jazz,2020251
Gerry Mulligan,jazz,2065903
Roger Miller,country,1461877
Harold Melvin & The Blue Notes,soul,1303166
Jr. Walker & The All Stars,soul,1134536
Kay Starr,jazz,1061043
Ibrahim Ferrer,cuban,2267424
Jim Reeves,country,1572019
John Mayall,blues,2128420
Pat Boone,oldies,1225083
Clarence Carter,soul,1045520
Gerry & The Pacemakers,60s,1514332
Art Blakey,jazz,1815376
Duane Eddy,rockabilly,1266679
Compay Segundo,cuban,2120560
Dion & The Belmonts,doo wop,1716604
Otis Rush,blues,1361285
Bobby Vee,oldies,1213041
Link Wray,rockabilly,2094688
Clifford Brown,jazz,1614125
Bill Haley,Rock and Roll,1137927
Artie Shaw,jazz,1513359
Al Hirt,jazz,888655
Conway Twitty,country,1738799
Georges Brassens,chanson francaise,3844285
Ahmad Jamal,jazz,2531774
Vic Damone,swing,889574
Albert Collins,blues,1323849
Art Pepper,jazz,1683809
Jimmy Reed,blues,1292178
Charles Trenet,french,1535738
Paul Desmond,jazz,2101304
The Champs,oldies,810881
David Allan Coe,country,2008982
John Cage,Avant-Garde,2176873
Malcolm McLaren,alternative,1180073
Skeeter Davis,60s,1337844
Rufus Thomas,soul,961839
Jack Jones,jazz,844758
Betty Carter,jazz,821615
Matt Monro,oldies,1067675
Patti Page,jazz,861945
Dinah Shore,jazz,882306
Dalida,french,2121216
Buck Owens,country,1510765
Erroll Garner,jazz,1575025
Barrett Strong,soul,607552
Brook Benton,soul,751150
Louis Jordan,jazz,1128772
June Christy,jazz,881556
Billy Eckstine,jazz,707818
Mahalia Jackson,gospel,986989
Cal Tjader,jazz,1341041
Jo Stafford,jazz,1929838
Pete Seeger,folk,1832120
Ramsey Lewis,jazz,979667
Lee Dorsey,soul,989356
Jimmie Rodgers,country,951059
Ruth Brown,blues,834067
Jan & Dean,Surf,837444
Frankie Lymon,doo wop,883009
Jackie DeShannon,60s,791219
Gene Pitney,60s,989774
The Five Satins,doo wop,578925
MiNa,italian,2038524
Mina,italian,2038524
Mina,italian,2038524
Mina,italian,2038524
Mina,italian,2038524
Mina,italian,2038524
Mina Mermoud,italian,2038524
MINA,italian,2037905
Johnny Burnette,rockabilly,870001
Gene Kelly,Soundtrack,750730
Jimmy Durante,jazz,680263
Abbey Lincoln,jazz,956316
Angela Lansbury,Disney,697142
Kenny Dorham,jazz,956330
Chet Atkins,country,1548684
Les Baxter,exotica,1528637
Charles Brown,blues,577809
The Flamingos,doo wop,744374
Big Joe Turner,blues,721367
Esther Phillips,soul,808013
Lloyd Price,soul,568551
Big Mama Thornton,blues,877693
Sam the Sham & The Pharaohs,60s,668868
James Brown & The Famous Flames,funk,634644
Tennessee Ernie Ford,country,715183
Mongo Santamaría,jazz,713279
LaVern Baker,rhythm and blues,642689
Joe Williams,jazz,555193
Joe Williams,jazz,555193
Junior Wells,blues,970018
Johnny Horton,country,898550
Al Martino,swing,602175
Sonny Clark,jazz,852625
Ray Conniff,instrumental,1063785
Frankie Avalon,oldies,578645
Bobby Day,rockabilly,485935
Maurice Williams & The Zodiacs,60s,571745
Michel Legrand,jazz,1190351
Pérez Prado,mambo,938419
Harry James,jazz,677539
Charley Pride,country,910426
The Penguins,doo wop,519358
June Carter Cash,country,540604
The Crickets,50s,717040
Frankie Laine,country,616923
Jay & The Americans,oldies,668248
Jerry Butler,soul,543740
Danny & The Juniors,Rock and Roll,489933
Luiz Bonfá,Bossa Nova,1089882
Brian Hyland,oldies,575908
Johnny Rivers,classic rock,872787
Johnny Tillotson,oldies,593327
João Donato,Bossa Nova,854508
Jackie McLean,jazz,775791
Santo & Johnny,oldies,957147
Keely Smith,jazz,517651
King Curtis,soul,633560
Kitty, Daisy & Lewis,rockabilly,1647954
Betty Everett,soul,507101
Johnny Mercer,jazz,423190
Sonny Stitt,jazz,850507
Professor Longhair,blues,896899
Dorothy Ashby,jazz,1086737
Eddy Arnold,country,645393
Laurel Aitken,ska,1204771
Lowell Fulson,blues,538029
Odetta,blues,906972
Helen Merrill,jazz,720181
Martin Denny,exotica,1266628
Bruce Channel,oldies,401082
Galt MacDermot,Soundtrack,1526862
Bert Kaempfert,easy listening,965345
Juliette Gréco,french,822183
Herbie Mann,jazz,721151
Charlie Daniels,country,574751
Mario Lanza,Classical,483236
Slim Harpo,blues,633155
Adam Faith,60s,395985
The Big Bopper,50s,444021
Jimmy Wayne,country,611532
Mickey & Sylvia,rhythm and blues,441011
Rick Nelson,rockabilly,548555
Stéphane Grappelli,jazz,832092
Gilbert Bécaud,chanson francaise,744721
Ray Anthony,jazz,455214
The Clovers,doo wop,478992
Jimmie Lunceford,jazz,580588
Gene Ammons,jazz,523651
Billy May,jazz,490653
The Diamonds,oldies,412669
Chris Montez,60s,456047
Bobby Bare,country,718045
Percy Faith,easy listening,666834
Little Anthony & The Imperials,soul,423294
The Chords,mod revival,451953
Faron Young,country,592574
Boris Vian,chanson francaise,763991
Lefty Frizzell,country,665592
Hank Snow,country,587674
André Previn,Classical,635452
Stan Kenton,jazz,651602
Maysa,Bossa Nova,1242180
Maysa,Bossa Nova,1242180
Max Roach,jazz,583529
Morton Feldman,contemporary classical,948512
Ernest Tubb,country,598352
Benny Moré,cuban,502688
The Chantels,doo wop,349618
Guy Mitchell,country,438053
Jason Donovan,pop,539611
Etta Jones,jazz,499512
Roy Brown,blues,629870
Roy Brown,blues,629870
Ray Price,country,632812
Don Cherry,jazz,590844
Sister Rosetta Tharpe,gospel,542521
Dick Haymes,jazz,389948
Otis Spann,blues,517415
Mose Allison,jazz,756575
Audrey Hepburn,Soundtrack,602433
Raymond Scott,experimental,1141833
Dorival Caymmi,samba,658826
Link Wray & His Raymen,rockabilly,413124
Francis Lai,Soundtrack,606493
Adoniran Barbosa,samba,1209877
Lester Flatt & Earl Scruggs,bluegrass,782143
Les Paul,jazz,451028
Domenico Modugno,italian,487982
Alma Cogan,female vocalists,340498
Grease,Soundtrack,750156
Gene Vincent & His Blue Caps,rockabilly,392523
Chris Connor,jazz,465597
Blue Mitchell,jazz,506972
Ernest Ranglin,reggae,781693
Levon Helm,americana,791635
Johnnie Ray,50s,358403
Don Covay,soul,320090
Kitty Wells,country,459823
The Crests,doo wop,363402
Stella,seen live,1624491
Stella,seen live,1624491
Stella,seen live,1624491
Stella,seen live,1624491
Stella,seen live,1624491
Stella,seen live,1624491
Stella,seen live,1624491
The Weavers,folk,327273
Don Gibson,country,492647
Phil Woods,jazz,297698
The Fleetwoods,oldies,430050
Cheek,seen live,4235180
Mable John,soul,296762
Paul Davis,soft rock,455732
Paul Davis,soft rock,455732
Paul Davis,soft rock,455732
Paul Davis,soft rock,455732
Jimmy Witherspoon,blues,364100
Phil Harris,Disney,290379
Art Farmer,jazz,448369
Cheo Feliciano,salsa,357358
José Alfredo Jiménez,mariachi,716899
Buddy Knox,rockabilly,293091
The Moonglows,doo wop,285034
Charlie Barnet,jazz,369795
Hasil Adkins,rockabilly,683939
Bobby Rydell,oldies,364157
J.B. Lenoir,blues,460698
Clyde McPhatter,soul,299285
Mantovani,instrumental,634234
Bob & Earl,soul,239826
The Cadillacs,doo wop,269290
Little Willie John,soul,382381
Billy Vaughn,instrumental,492434
Lee Rocker,rockabilly,598635
Renato Carosone,italian,522192
Warren Smith,rockabilly,315687
Bobby Goldsboro,oldies,346814
Hank Jones,jazz,465342
Maurice Chevalier,french,315231
Billy Lee Riley,rockabilly,333053
Vaughn Monroe,swing,286955
Johnny and The Hurricanes,rockabilly,326521
The Skyliners,doo wop,298458
Freddy Fender,country,394040
Lou Monte,italian,226293
Champion Jack Dupree,blues,398400
The Monotones,doo wop,245320
The Monotones,doo wop,245320
The Monotones,doo wop,245320
Johnny Griffin,jazz,350201
Steve Lawrence,easy listening,291179
Cecil Taylor,free jazz,496853
Orquesta Aragón,cuban,320141
Gene Harris,jazz,351878
Ron Carter,jazz,476850
Lou Christie,60s,341269
Pau Casals,Classical,772927
Ferrante and Teicher,easy listening,395408
Nelson Riddle,lounge,409944
Sleepy John Estes,blues,358359
Jimmy Dorsey,jazz,298171
Antonio Aguilar,ranchera,467930
Penny & The Quarters,soul,433086
Pedro Infante,ranchera,502100
Hoagy Carmichael,jazz,353121
Los Panchos,bolero,635220
Larry Williams,Rock and Roll,274498
Danny Kaye,jazz,318208
Big Maybelle,blues,299768
Joe Simon,soul,244659
Dale Hawkins,rockabilly,262700
The Crew-Cuts,doo wop,260908
Javier Solís,ranchera,551641
Lonnie Donegan,Skiffle,366528
Ismael Rivera,salsa,369209
Jack Scott,rockabilly,289662
Billy Joe Royal,60s,271295
Luigi Tenco,italian,507456
Edward Holland, Jr.,soul,207349
Barney Kessel,jazz,484107
Bill Monroe and the Bluegrass Boys,bluegrass,439890
Bebo Valdés,jazz,488447
Leroy Anderson,Classical,256847
Sonny Terry,blues,407017
Robin Gibb,pop,339262
Ray Bryant,jazz,251609
Amos Milburn,blues,297740
Elastinen,seen live,1908812
The McGuire Sisters,oldies,217297
Arthur Lyman,exotica,499158
Chris Farlowe,60s,277497
Tal Farlow,jazz,391565
Debbie Reynolds,50s,212939
Les Paul & Mary Ford,jazz,385936
Della Reese,jazz,290550
Hildegard Knef,chanson,700482
Ray Peterson,60s,210814
Barbara Lynn,soul,287501
Teresa Brewer,50s,238588
Mark Murphy,jazz,292268
Margaret Whiting,40s,602563
Billie Jo Spears,country,332381
Eddie Fisher,jazz,244313
Betty Hutton,jazz,250328
Benny Golson,jazz,281018
George Martin,Soundtrack,357237
Hank Locklin,classic country,302566
Jimmy Dean,country,225590
Laurindo Almeida,Bossa Nova,277193
Armando Manzanero,bolero,342493
Mickey Gilley,country,314981
Montserrat Caballé,opera,264625
Peter Alexander,peter alexander,434063
Bob Crosby,jazz,310803
Chorale,dance,604853
Chorale,dance,604853
Man Parrish,electro,200270
Dakota Staton,jazz,199103
Phil Phillips,rhythm and blues,217849
Furry Lewis,blues,284953
Gil Evans,jazz,347848
Sonny James,classic country,252738
Lolita,eurobeat,1154685
Lolita,eurobeat,1154685
Lolita,eurobeat,1154685
Lolita,eurobeat,1154685
Lolita,eurobeat,1154685
Franck Pourcel,instrumental,532619
The Silhouettes,doo wop,165833
The Silhouettes,doo wop,165833
The Silhouettes,doo wop,165833
The Silhouettes,doo wop,165833
The Silhouettes,doo wop,165833
The Silhouettes,doo wop,165833
The Silhouettes,doo wop,165833
Andy Bell,synthpop,356188
Andy Bell,synthpop,356188
Dickie Valentine,60s,146761
Beats and Styles,seen live,424073
Roy Acuff,country,281357
Loquillo,rock,498439
Horace Parlan,jazz,233182
April Stevens,female vocalists,244786
Rocío Dúrcal,spanish,563306
Freddy Quinn,freddy quinn,353261
Helen Forrest,jazz,252909
Anssi Kela,finnish,1434344
Curtis Lee,60s,178364
La Lupe,salsa,286580
Pearl Bailey,jazz,171086
Olavi Uusivirta,seen live,2198316
James Hunter,soul,480384
Frederic Earl 'Shorty' Long,soul,165988
Shorty Long,soul,166002
Shorty Long,soul,166002
James Galway,flute,387805
Carmen Miranda,samba,394753
The Johnston Brothers,oldies,149639
The Cleftones,doo wop,221074
Jascha Heifetz,Classical,470899
Stonewall Jackson,country,240084
Peret,rumba,213682
Atahualpa Yupanqui,argentina,482944
Janis Martin,rockabilly,328795
Joe South,60s,187439
Dee Clark,soul,170182
Gayla Peevey,christmas,123015
Grandmaster & Melle Mel,Hip-Hop,147510
Paul Chambers,jazz,289899
Bobby Freeman,oldies,146341
Jimmy Boyd,50s,88079
Bobby Charles,singer-songwriter,254525
Shirley & Lee,rhythm and blues,155377
Booker Ervin,jazz,206145
Marv Johnson,soul,152062
Merle Travis,country,254100
Josh White,blues,266896
Johnny Pacheco,salsa,183124
Snooks Eaglin,blues,301066
Elvin Jones,jazz,278086
Machito,jazz,219031
Nat Adderley,jazz,176896
Giacinto Scelsi,contemporary classical,493867
Slim Whitman,country,287882
Gordon Jenkins,instrumental,143998
Sonny Burgess,rockabilly,195876
Kay Kyser,jazz,209509
Andre Williams,blues,357653
Barbara Acklin,soul,168192
Slim Gaillard,jazz,269300
The Orioles,doo wop,142747
The Ames Brothers,50s,176050
Caterina Valente,jazz,502880
Curtis Fuller,jazz,275317
Noël Coward,comedy,272032
Charlie Parker Quintet,jazz,178446
Jackie Gleason,easy listening,361628
Joe Turner,blues,138370
Joe Turner,blues,138370
Sons of the Pioneers,country,247386
Sandy Nelson,60s,171607
Sheb Wooley,comedy,115293
Chakachas,funk,121748
James Booker,blues,279709
Ernestine Anderson,jazz,179563
Marian McPartland,jazz,283108
Eddie Meduza,swedish,1052687
Jimmy Clanton,oldies,161192
Julio Jaramillo,bolero,340876
Carl Smith,country,222403
Carl Smith,country,222403
Allen Ginsberg,poetry,318950
Movetron,eurodance,616353
Charlie Palmieri,salsa,156233
Lord Kitchener,calypso,262120
New York Philharmonic,Classical,247733
Roger Williams,instrumental,274745
Roger Williams,instrumental,274745
Mitch Miller,oldies,196531
Wilbert Harrison,50s,122226
Chris Kenner,soul,118786
Lavay Smith & Her Red Hot Skillet Lickers,swing,251777
Red Foley,country,173089
Chicago Symphony Orchestra,Classical,248036
Don Byas,jazz,256546
Jimmy Jones,soul,159244
Johnny Preston,60s,140878
Dooley Wilson,jazz,141093
Nylon Beat,seen live,768545
Earl Scruggs,bluegrass,206991
The Four Aces,50s,164734
The Four Aces,50s,164734
The Four Aces,50s,164734
Bob Luman,rockabilly,181776
Jackie Brenston & His Delta Cats,blues,116061
Robert Gordon,rockabilly,252655
Robert Gordon,rockabilly,252655
James Moody,jazz,162845
Crispian St. Peters,60s,160064
Joe Cuba,salsa,173048
Dave Davies,rock,156851
Lambert, Hendricks & Ross,jazz,319892
Lee Wiley,jazz,184038
Carl Mann,rockabilly,151728
Son Seals,blues,202327
James Asher,new age,232895
Marty Wilde,60s,158666
Ray Brown,jazz,273787
Guillermo Portabales,cuban,170099
Bill Lee,jazz,114655
Chuck Willis,blues,149544
Tommy Edwards,50s,137564
David Rose,instrumental,119197
David Rose,instrumental,119197
Buddy Greco,swing,116043
Smiley Lewis,blues,161595
The Four Lads,50s,159866
Milt Buckner,jazz,160138
Boby Lapointe,chanson francaise,326952
Isaac Stern,Classical,168443
Paul Robeson,blues,269246
Clifton Chenier,zydeco,250075
Phil Spector,pop,332962
Fred Buscaglione,italian,286824
Molly Drake,folk,282758
The Bobbettes,doo wop,124391
Johnny Bond,country,159717
The Five Keys,doo wop,133014
The Heartbeats,doo wop,115914
Quartetto Cetra,italian,161636
Los Guaracheros de Oriente,cuban,103296
Bill Anderson,country,212688
Chet Baker Quartet,jazz,234155
Roy Hamilton,soul,133703
Boots Randolph,jazz,162509
Joe Brown,60s,173018
Maxine Sullivan,jazz,200770
Hampton Hawes,jazz,214086
Billy Boy Arnold,blues,166713
Agustín Lara,mexico,253157
Ethel Merman,Broadway,140976
La Sonora Santanera,latin,289938
Charlie Chaplin,reggae,224650
Charlie Chaplin,reggae,224650
Max Steiner,Soundtrack,207624
Billy Taylor,jazz,145009
Jorge Negrete,ranchera,168387
Howard Roberts,jazz,139879
Clark Terry,jazz,183656
Pansy Division,queercore,462462
The Elegants,doo wop,115600
Johnny Carroll,rockabilly,133413
Bulgarian State Radio & Television Female Vocal Choir,folk,381892
Harold Arlen,composers,156633
Nick Heyward,new wave,196645
Spike Jones and His City Slickers,comedy,132447
Johnny Copeland,blues,146144
Patience & Prudence,female vocalists,239763
Fabian,50s,157895
Fabian,50s,157895
Fabian,50s,157895
Fabian,50s,157895
Lola Beltrán,ranchera,182480
Bobby Timmons,jazz,211270
Shirley Scott,jazz,137631
Jesse James,seen live,215438
Jesse James,seen live,215438
Jesse James,seen live,215438
Jesse James,seen live,215438
Jesse James,seen live,215438
Jesse James,seen live,215438
Jesse James,seen live,215438
Jesse James,seen live,215438
Jesse James,seen live,215438
Jesse James,seen live,215438
Disco,seen live,285128
Disco,seen live,285128
Disco,seen live,285128
Disco,seen live,285128
Frankie Ford,rhythm and blues,94783
Babatunde Olatunji,african,169767
Annie Ross,jazz,125906
Sugar Pie DeSanto,soul,135422
Bob Wills,country,209163
Ray Smith,rockabilly,114938
Ray Smith,rockabilly,114938
Helmut Zacharias,instrumental,214233
Randy & The Rainbows,doo wop,110750
Ewan MacColl,folk,197546
Bill Doggett,jazz,117524
Frankie Vaughan,easy listening,100487
Sammy Kaye,swing,109679
Roy Haynes,jazz,157288
Charlie Parker Quartet,jazz,120635
Renata Tebaldi,opera,127980
Jimmy Fontana,italian,152645
Louisiana Red,blues,157491
Jair Rodrigues,samba,132027
Floyd Dixon,blues,103283
Anne Shelton,jazz,187726
Ronnie Self,rockabilly,132769
Craig Douglas,50s,120099
Percy Mayfield,blues,135135
Ivory Joe Hunter,soul,95961
Shirley Caesar,gospel,167845
La Sonora Matancera,latin,165509
Royal Scottish National Orchestra,Classical,103148
Hans Albers,german,146640
Georgia Gibbs,50s,126675
Jimmie Dale Gilmore,country,198321
Lucho Gatica,boleros,143477
The Earls,doo wop,115902
The Earls,doo wop,115902
Mighty Sparrow,calypso,206514
Jimmy McCracklin,blues,116801
Michael Holliday,60s,97051
Ed Bruce,country,195944
Ronnie Dawson,rockabilly,110964
Anthony Newley,pop,120024
Daniel Santos,bolero,153981
Orquesta Sublime,latin,67775
Leroy Van Dyke,country,112610
Mark Dinning,oldies,74735
Line Renaud,french,90159
Gracie Fields,british,99754
Celina González,cuban,85575
Kenny Drew,jazz,193398
Robert Mitchum,calypso,157586
Mariachi Vargas de Tecalitlán,mariachi,170042
Johnny Ace,rhythm and blues,100503
The Harptones,doo wop,94322
Hank Ballard and The Midnighters,rhythm and blues,103999
The Browns,horror punk,117474
Kenny Wheeler,jazz,197784
Lucienne Delyle,chanson,109421
Ripsipiirakka,finnish,648448
Anton Karas,Soundtrack,143716
Lamont Dozier,soul,126737
Louis Armstrong & The Commanders,jazz,59936
Sérgio Reis,sertanejo,154349
David Gates,Sentimental,204113
Georg Kreisler,liedermacher,289062
Chris Barber,jazz,167980
Peggy March,Schlager,300281
Boozoo Chavis,zydeco,90112
Joe Clay,rockabilly,91232
Bola de Nieve,cuba,151451
Antonio Machín,cuba,159111
Sacha Distel,chanson francaise,118190
Phantom,Power metal,197501
Phantom,Power metal,197501
Phantom,Power metal,197501
Phantom,Power metal,197501
Phantom,Power metal,197501
Phantom,Power metal,197501
Phantom,Power metal,197501
Phantom,Power metal,197501
Phantom,Power metal,197501
The Capris,doo wop,97441
The Capris,doo wop,97441
Hank Ballard,funk,79873
Ella Mae Morse,jazz,120275
Lauri Tähkä & Elonkerjuu,seen live,839154
Edoardo Vianello,italian,120649
Lale Andersen,Schlager,117027
Conny Froboess,conny froboess,126300
Frank Chacksfield,easy listening,197163
@junkmail,finnish,408039
Jeri Southern,jazz,91227
Stan Freberg,comedy,100491
Liberace,easy listening,132527
Rosco Gordon,blues,79833
Pikku G,seen live,309443
Los Tiki Phantoms,Surf,280386
Paul Evans,american,87020
Ronnie Hilton,60s,79191
Elisabeth Schwarzkopf,opera,135254
Quallofill,electronic,56361
Jack Shaindlin,jazz,160529
Dorothy Dandridge,jazz,116809
Andrew Hale,jazz,619766
Marino Marini,italian,126334
Jody Reynolds,rockabilly,79051
Lenny Bruce,comedy,179049
Al Hibbler,jazz,77169
Los Tres Ases,bolero,129245
Connie Converse,folk,309392
Clyde McPhatter & The Drifters,soul,78670
Eddie Condon,jazz,133801
Kitty Kallen,female vocalists,111610
Pee Wee Crayton,blues,86998
Peter Sellers,comedy,89597
Bill Justis,Rock and Roll,65098
The Jive Five,doo wop,77986
The Crows,doo wop,63435
The Crows,doo wop,63435
Xavier Cugat & His Orchestra,latin,87564
Luis Mariano,chanson francaise,99850
The Edsels,doo wop,74688
Remo Giazotto,Classical,59152
Gene Harris & The Three Sounds,jazz,91553
Garnet Mimms,soul,96591
Julia Lee,blues,91481
The Dubs,doo wop,76358
Alan Lomax,folk,206347
Peter Kraus,Deutsche Schlager,136878
Richard Berry,rhythm and blues,84506
Barry Mann,60s,100692
Shep & The Limelites,doo wop,71526
Oscar Alemán,swing,176812
Tapio Rautavaara,finnish,564379
Horst Jankowski,instrumental,131551
Leontyne Price,opera,114265
Jimmy Radcliffe,northern soul,69985
Bert Weedon,50s,95305
Lorez Alexandria,jazz,92849
Sivuca,brazilian,122319
David Seville,60s,59202
Darío Moreno,turkish,122513
Palito Ortega,60s,97653
George Hamilton IV,country,82744
Les Poppys,french,107106
Earl Bostic,jazz,99212
Cy Coleman,jazz,105183
Claudio Villa,italian,108914
Jimmy Dorsey & His Orchestra,jazz,63991
Ron Goodwin,Classical,118654
Bernard Haitink,Classical,135733
Ronnie Hawkins,rockabilly,82700
Alice Babs,jazz,107048
Povel Ramel,swedish,197533
The Turbans,doo wop,64180
Geeta Dutt,bollywood,89904
Manolo Escobar,spanish,101808
Los Dandys,bolero,101976
Glen Glenn,rockabilly,94212
The Mystics,doo wop,65977
Allan Gray,jazz,84087
Eddie Bond,rockabilly,89466
Eddie Hodges,60s,62650
Tea,pop,131957
Tea,pop,131957
Tea,pop,131957
Shane Brady,irish,60909
Gábor Szabó,jazz,125291
Joe Meek,experimental,167230
Ray Harris,rockabilly,54766
Don Ellis,jazz,150951
Ella Jenkins,folk,121338
Sophie Tucker,jazz,83107
Olavi Virta,finnish,290035
Pedro Vargas,bolero,75952
Johnny Mandel,Soundtrack,124444
Sanford Clark,rockabilly,77929
Jani Wickholm,seen live,145753
Garnet Mimms & The Enchanters,soul,57489
Jimmy Johnson,blues,126357
Big Jay McNeely,jazz,69198
Sue Thompson,oldies,66105
Eve Boswell,50s,51492
Lady Linn and Her Magnificent Seven,jazz,207640
Dimitri Tiomkin,Soundtrack,123103
Laurie Johnson,Soundtrack,119483
Joe Harnell,Soundtrack,71013
The Alley Cats,punk,77845
Geschwister Hofmann,geschwister hofmann,180323
Phineas Newborn, Jr.,jazz,106079
Joe Thomas,jazz,73498
Joe Thomas,jazz,73498
Fred Bongusto,italian,95048
Annette Funicello,teen idol,113333
Gogi Grant,female vocalists,2321554
Cleo Laine,jazz,95915
Sir Mack Rice,soul,51146
Lola Flores,Flamenco,81680
G.M.Orchestra,Big Band,253160
Alaíde Costa,Bossa Nova,75022
Slim Dusty,australian,189204
Max Bygraves,oldies,61957
The Aquatones,oldies,39655
Donnie Elbert,soul,64333
Simón Díaz,venezuela,170226
Sue Raney,jazz,71882
The Danleers,doo wop,50899
Gerhard Trede,swing,175172
Lee Andrews & The Hearts,doo wop,61246
Marvin Berry,Soundtrack,94575
Olga Guillot,bolero,83604
The Jive Bombers,doo wop,75228
Jack Earls,rockabilly,59072
Sleepy LaBeef,rockabilly,87562
Ned Miller,country,53002
The Impalas,doo wop,50231
Russ Conway,piano,77236
Buster Brown,blues,55231
Buster Brown,blues,55231
The Imperials,gospel,78006
The Imperials,gospel,78006
The Imperials,gospel,78006
The Imperials,gospel,78006
Franz Waxman,Soundtrack,99166
Chava Flores,mexico,118308
Los Tres Diamantes,bolero,74182
Sheldon Allman,space age,69398
The Pentagons,doo wop,43484
The Nutmegs,doo wop,51301
Bienvenido Granda,latin,68790
Marvin Rainwater,rockabilly,52363
Sir Georg Solti,Classical,2427216
Jim Lowe,50s,41912
Tommy Blake,rockabilly,43919
Brimstone Howl,Garage Rock,144197
Jesse Fuller,blues,63640
Bunker Hill,rock n roll,49109
Marni Nixon,musicals,67647
Rita Hayworth,jazz,80055
Lord Beginner,calypso,59536
Miguel Aceves Mejía,mariachi,61190
Ruby Murray,oldies,55320
Barney Wilen,jazz,120936
Nappy Brown,blues,59414
Hank Marvin,instrumental,105446
Freddy Martin,jazz,49680
Jaye P. Morgan,jazz,45453
Billo's Caracas Boys,salsa,96525
José Afonso,Portugal,394948
Alfred Newman,Soundtrack,90936
Bobby Hackett,jazz,102739
The Students,doo wop,52799
David Whitfield,oldies,47118
THE BAWDIES,japanese,939494
The Hollywood Flames,doo wop,42445
Sara Montiel,female vocalists,86175
Joni James,jazz,2609772
Dickey Lee,rockabilly,55866
Ruby & The Romantics,60s,48453
The Rays,doo wop,42341
The Rays,doo wop,42341
Frankie Carle,jazz,47679
Los Tres Reyes,bolero,73643
Martha Tilton,female vocalists,59834
Serge Chaloff,jazz,61549
Gerhard Wendland,Schlager,72229
Gordon MacRae,jazz,61470
Clare Fischer,jazz,57076
Roy Clark,country,63987
Patachou,french,53911
André Claveau,french,51736
Lita Roza,female vocalists,39127
Mary Martin,musical,49343
The Gaylords,vocal,48553
Ray Campi,rockabilly,73676
Malcolm Yelvington,rockabilly,52288
Eydie Gormé,jazz,108618
Jean Ritchie,folk,108933
Eddie Calvert,jazz,62321
Roberto Murolo,italian,114841
Neal Hefti,jazz,69831
June Hutton,jazz,38301
Claudine Clark,soul,45741
Don Cornell,50s,48164
Pee Wee King,country,55798
Cuco Valoy,salsa,43241
Doctor Ross,blues,40464
Andy Griffith,comedy,64041
Frank Loesser,musical,112160
Los Apson,latin,79762
Buddy Stuart,oldies,47644
The Fiestas,doo wop,39529
Larry Adler,harmonica,56650
Gloria Wood,jazz,30793
Marco Antonio Muñiz,romantico,67059
Roy Hall,rockabilly,46382
Roy Hall,rockabilly,46382
Rudi Schuricke,Schlager,66223
Don & Juan,doo wop,41226
Hayden Thompson,rockabilly,49340
The Quarrymen,50s,58594
The Beverly Sisters,50s,26522
Lydia Mendoza,tejano,64309
The Casinos,50s,41635
Lucho Bermúdez,cumbia,63881
Morgana King,jazz,46386
Emile Ford & The Checkmates,60s,41216
Libertad Lamarque,tango,53525
The Solitaires,doo wop,37760
Louis Andriessen,contemporary classical,43972
Arsenio Rodríguez,cuba,70638
Frank Morgan,jazz,64423
Leo Marini,boleros,52129
Jack Sheldon,jazz,49044
Felipe Pirela,bolero,74768
Jerry Keller,jazz,38204
Andy Starr,rockabilly,40782
The Jesters,doo wop,40499
Michèle Arnaud,french,44177
Stompin' Tom Connors,Canadian,154668
Kip Tyler,rockabilly,43760
Dwight Pullen,rockabilly,35187
Barbara Pittman,rockabilly,42489
Bent Fabric,jazz,116286
Kalin Twins,60s,35991
Beverly Kenney,jazz,112579
King Pleasure,jazz,52325
Chuck Rio,Hip-Hop,49652
Danny Boy,Hip-Hop,49652
Danny Boy,Hip-Hop,49652
The Velvets,doo wop,41796
The Velvets,doo wop,41796
The Velvets,doo wop,41796
Jerry Lewis,reggae,45164
Jerry Lewis,reggae,45164
Fred Waring & His Pennsylvanians,jazz,27681
Abbacadabra,electronic,88176
Fred Bertelmann,schlageroldies,55141
Joe Maphis,country,43172
Peanuts Wilson,rockabilly,27149
Dodie Stevens,50s,35949
Jane Morgan,50s,4047451
The Four Knights,50s,37758
Juilliard String Quartet,Classical,78799
Nilla Pizzi,italian,45442
The Mello-Kings,doo wop,46503
Desi Arnaz,cuba,49830
Leapy Lee,60s,30591
Oscar Pettiford,jazz,71007
Faye Adams,rhythm and blues,27885
Clifford Jordan,jazz,68266
Curtis Gordon,rockabilly,43198
Morton Gould,contemporary classical,42216
Hugo del Carril,tango,44307
Jean Shepard,country,77269
The Charts,doo wop,39924
Humane,seen live,157832
Phillip Walker,blues,58194
Gale Storm,50s,54673
Don Woody,rockabilly,36229
Jimmy Lloyd,rockabilly,32072
Marty Paich,jazz,64871
Gino Washington,soul,79628
Jerry Wallace,country,41207
The Hollywood Argyles,doo wop,29719
Billy Munn,jazz,57877
Celly Campello,Jovem Guarda,68145
Baby Face Willette,jazz,59136
Mac Curtis,rockabilly,51747
Anne Sylvestre,french,176370
Jane Russell,jazz,38335
Billy Ward and His Dominoes,doo wop,34855
Ken Davis,new age,83099
Ken Davis,new age,83099
Celeste Mendoza,latin,32925
Leopoldo Federico,tango,37232
The Royal Teens,Rock and Roll,33591
Lys Assia,Eurovision,49135
Dorsey Burnette,rockabilly,38437
Horacio Guarany,folklore argentino,53724
Augie Rios,50s,26479
Glenn Yarbrough,folk,75794
Atlanta Symphony Orchestra,Classical,44051
Los Tres Caballeros,mexico,46977
Los Teen Tops,Rock and Roll,61867
Joe Loss & His Orchestra,instrumental,42336
Paul Gonsalves,jazz,43034
Russ Morgan,russ morgan,31742
Jimmy Young,50s,30231
The Willows,doo wop,34956
The Willows,doo wop,34956
The Channels,doo wop,45672
Onie Wheeler,rockabilly,31221
Margot Eskens,Schlager,57876
Gloria Lasso,french,41115
Tony Dallara,italian,37691
The Teen Queens,oldies,28218
Felix Slatkin,lounge,30919
Johnny Powers,rockabilly,40361
Chan Romero,rockabilly,26554
Cozy Cole,jazz,43149
Skeets McDonald,rockabilly,39522
Little Sonny,blues,36220
Al Casey,Surf,38604
Joe Morris,free jazz,41093
Eddy Howard,jazz,33692
Macy Skipper,rockabilly,20991
Freddie Redd,jazz,49975
Ric Cartey,rockabilly,32373
E.T. Mensah,highlife,40853
Jackie Morningstar,rockabilly,23658
Laurel & Hardy,comedy,35751
Laurel & Hardy,comedy,35751
Lester Williams,jazz,24738
Sid King & The Five Strings,rockabilly,36086
Benny Joy,rockabilly,52436
Baldwin and the Whiffles,doo wop,50487
Montgomery Bruce,jazz,21832
Heidi Brühl,Schlager,43583
Marian Anderson,Classical,45724
Silhouettes,DJENT,22257
Ralf Bendix,Schlager,34598
Ron Goodwin and His Concert Orchestra,easy listening,40084
Frank Foster,jazz,54156
Catherine Sauvage,french,34937
Cora Vaucaire,chanson francaise,29105
Don & Dewey,rockabilly,29363
O.C. Smith,soul,32046
Nervous Norvus,novelty,34863
Johnnie & Joe,oldies,27824
Slim Rhodes,rockabilly,21895
Billy Williams,60s,25516
Billy Williams,60s,25516
The Jarmels,doo wop,30671
Big Dee Irwin,soul,22743
Gene Maltais,rockabilly,24084
Lord Rockingham's XI,50s,27756
Marion Williams,gospel,36241
Bruce Johnston,pop,28599
Don Lang,rockabilly,21579
Bobby Lee Trammell,rockabilly,29856
Sylvia Plath,poetry,78961
Freddie Hart,rockabilly,27717
Lorenzo de Monteclaro,mexico,34658
Jesse Belvin,soul,28108
Amalia Mendoza,mariachi,41279
Inez Foxx,soul,27895
Don Willis,rockabilly,22921
Dick & Dee Dee,50s,26420
Orlando Contreras,latin,36232
Beryl Booker,jazz,23390
Jeff Daniels,rockabilly,39511
John D. Loudermilk,singer-songwriter,40126
Pepper Adams,jazz,45646
Autry Inman,rockabilly,22213
El Piporro,polka,53451
The Classics,doo wop,27026
The Classics,doo wop,27026
Merv Griffin,easy listening,26938
Eddie Fontaine,rockabilly,22356
Groucho Marx,comedy,34570
Art Adams,rockabilly,26995
Eileen Barton,pop,27944
Chris Howland,Schlager,36734
Lou Busch,jazz,18902
The Dreamlovers,doo wop,22839
Des O'Connor,60s,25545
Hot Boogie Chillun,Garage Rock,90238
Horacio Salgán,tango,26408
Hugo Winterhalter,50s,36935
Rose Maddox,country,35276
Flash Cadillac,oldies,37650
Joe Bennett & The Sparkletones,rockabilly,22843
Sonny Fisher,rockabilly,26235
Otis Blackwell,Rock and Roll,27504
Philly Joe Jones,jazz,34277
Larry Verne,country,17949
Lecuona Cuban Boys,rumba,53494
María Dolores Pradera,female vocalists,79418
Orquesta Riverside,latin,19037
Jimmy Gilmer,60s,28093
Ann Miller,musicals,20267
The Shields,doo wop,19298
Richard Chamberlain,60s,17985
The Hilltoppers,50s,21431
Alberto Rabagliati,italian,32545
Robert & Johnny,Rock and Roll,23366
Werly Fairburn,rockabilly,21466
Ral Donner,Rock and Roll,25516
Jimmie Haskell,space age pop,20646
Johnny Crawford,60s,23957
Eduardo Mata,Classical,17055
Robin Luke,rockabilly,19919
Ann Cole,female vocalists,26560
Ersel Hickey,rockabilly,22356
Consuelo Velázquez,latin,19332
Arturo Toscanini,Classical,2646232
Anita Bryant,female vocalists,2420863
Los Machucambos,latin,36512
Eddie Ray,soul,36448
Katyna Ranieri,the ladies that should sit on my sofa or somewhere else in my flat because they are darlings and oh so lovely,23740
Lucho Barrios,Peru,37336
Noro Morales,jazz,28448
Mel Robbins,rockabilly,17797
Esquerita,Rock and Roll,45662
Evelyn Knight,jazz,18766
Miliki,psicodelico,84832
Johnny Maestro & The Crests,doo wop,43113
Gene Summers,rockabilly,29205
Suzie,Schlager,26968
Suzie,Schlager,26968
Moisés Vivanco,60s,32274
Charly Antolini,jazz,35799
Bill Hayes,rockabilly,15005
Pee Wee Hunt,jazz,21351
Annikki Tähti,finnish,34274
Enrique Guzmán,Rock and Roll,51005
Joyce Green,rockabilly,17416
Mahlathini,african,26498
Jimmy Liggins,blues,21449
Rusty Draper,country,22647
Rusty York,rockabilly,19128
Ilse Werner,Schlager,29039
Joan Weber,50s,15129
Karl Gerhard,swedish,44195
Blue Harlem,rockabilly,58028
Ernest Gold,Soundtrack,34118
Dr. Samuel J. Hoffman,theremin,35507
Narvel Felts,rockabilly,28265
Eight to the Bar,swing,44191
Tarheel Slim,blues,17250
Gerardo Reyes,ranchera,35056
Bobby Lord,rockabilly,18191
Maureen Evans,female vocalists,13220
Metropole Orkest,seen live,50113
Henry Theel,finnish,29285
Leo Parker,jazz,29835
Andy Anderson,rockabilly,18391
Frances Faye,jazz,28592
Kid Thomas,blues,19272
Billy Brown,deathcore,24806
Billy Brown,deathcore,24806
Billy Brown,deathcore,24806
Kathy Young,Rock and Roll,20312
Jimmy Wages,rockabilly,16749
Round Robin,rockabilly,15347
Sammy Turner,60s,15126
Malcolm Vaughan,Malcolm Vaughan,20384
Jimmy Edwards,rockabilly,14025
Jula de Palma,jazz,25265
John & Jackie,rockabilly,13869
Los Paraguayos,latin,30824
Terry Dene,Rock 'n' Roll,19789
King Coleman,funk,23156
Laurie London,pop,16082
Mon Rivera,latin,22659
Donnie Brooks,oldies,16152
Fuzz Townshend,electronic,31722
Freddie & The Hitch-Hikers,rockabilly,14937
Julian Yeo,jazz,13041
Pat Cupp,rockabilly,17128
Louie Bellson,jazz,23494
Enzo Stuarti,Classical,12952
Ken Colyer,trad jazz,24338
Eddie Heywood, Jr.,jazz,23322
The Genies,doo wop,15347
The Genies,doo wop,15347
Mariko,finnish,44543
Los Visconti,popular,38459
Ernie Freeman,pop,13365
Larry Terry,rockabilly,11940
Jimmy & Johnny,rockabilly,14066
Paul Gayten,blues,17608
Thomas Wayne,rockabilly,13169
Cacho Tirao,tango,21917
Rhythm Rockers,rockabilly,18650
Hal Willis,rockabilly,20091
Hans Alfredson,swedish,48176
Bill Parsons,rockabilly,12532
Bill Parsons,rockabilly,12532
Joe Dowell,male,14245
Cookie & The Cupcakes,swamp pop,22239
Carol Kaye,funk,18431
Mighty Panther,calypso,13785
Hans Koller,jazz,17791
Rita Montaner,latin,11075
Johnny Jordaan,amsterdam,30713
Rafael Escalona,Colombia,19648
Larry Donn,rockabilly,17598
Katie Lee,pop,34297
Corry Brokken,Eurovision,18041
Al Ferrier,rockabilly,18691
Del Wood,ragtime,14790
Katarzyna Sobczyk,60s,27571
H-Bomb Ferguson,blues,14676
Jimmy Makulis,Schlager,20912
Helen Ward,jazz,19037
Mack Self,rockabilly,11649
Meredith Willson,Soundtrack,17247
Bonnie Guitar,country,23451
Jules de Corte,cabaret,26574
Raimssi,seen live,48112
Troy Shondell,oldies,13993
Maria Koterbska,polish,35951
Los Rebeldes del Rock,Rock and Roll,20592
Dorus,cabaret,24342
Kit & The Outlaws,Garage Rock,11833
The Mudlarks,oldies,11298
Johnny Dollar,rockabilly,14151
Pat Ferguson,rockabilly,11078
Prag,german,68592
Combo,rockabilly,14375
Combo,rockabilly,14375
Carl Dobkins Jr.,50s,13498
Miss Toni Fisher,50s,10942
Archibald,rhythm and blues,13176
Harold Burrage,blues,20621
Bill Allen,rockabilly,11610
Bert Convy,rockabilly,12394
The King Brothers,Rock and Roll,11297
The King Brothers,Rock and Roll,11297
Lorrie Collins,rockabilly,13828
Los Muñequitos de Matanzas,rumba,25235
Dale Vaughn,rockabilly,11506
Mary O'Hara,folk,36926
Sampson The Lark,calypso,9591
Ann Richards,jazz,15623
Leny Escudero,chanson francophone,18369
Hola Ghost,psychobilly,68595
Ronnie Allen,rockabilly,11778
The Five Discs,doo wop,14157
Boyd Bennett,60s,13258
Cathy Carr,60s,10800
Coy """"""""Hot Shot"""""""" Love,blues,8806
Genaro Salinas,latin,11495
Dorothy Collins,rock n roll,21779
Nelson Pinedo,latin,15297
Ray Sharpe,rockabilly,16472
Jo Ann Campbell,rockabilly,14166
Chelo Silva,bolero,17907
Rod Bernard,rockabilly,15805
René Carol,Schlager,18862
David Raksin,Soundtrack,18917
Jane Powell,classic hollywood,14822
Billy Higgins,jazz,16841
Jimmy Murphy,rockabilly,14535
Nina & Frederik,50s,21966
Bob and Lucille,rockabilly,10460
Merrill Moore,country,16103
Johnny Fuller,blues,12177
Johnny Kidd,rocka-psychobilly,11951
The Collegians,doo wop,10421
Duane Eddy & The Rebels,rockabilly,12415
Herbert Ernst Groh,operette,15734
Corky Jones,rockabilly,9539
Oscar McLollie,rockabilly,9256
Abelardo Barroso,cuba,16208
Jackie Gotroe,rockabilly,9334
Billy Cotton & His Band,jazz,11684
Luke McDaniel,rockabilly,12907
Annisteen Allen,blues,15637
Sparkle Moore,rockabilly,14856
Marvin & Johnny,Rock and Roll,10790
Buck Trail,rockabilly,11177
Kitty White,jazz,11585
Lula Reed,blues,17385
Bully Buhlan,Schlager,22148
Junior Thompson,rockabilly,9195
Jake Hess,Jake Hess,28332
Ralph Marterie,50s,11805
Doc Pomus,blues,9756
Martha Raye,female vocalists,12372
Doo Wop,hip hop,19141
Bingo!,rockabilly,16343
Mitzi Gaynor,old hollywood,11714
Eddy Christiani,jazz,14381
Angélica María,latin,19383
Greetje Kauffeld,jazz,16815
Norman Wisdom,oldies,10952
Sammy Masters,rockabilly,11800
Sonny Knight,Rock and Roll,11350
Earl Gaines,soul,12517
Johnny Watson,rockabilly,14182
Bill Holt,experimental,45355
Tom Tall,rockabilly,8253
Clarence Garlow,blues,11936
Otto Sieben,easy listening,13813
Joan Regan,female vocalists,11628
Darrell Rhodes,rockabilly,9297
Flo Sandon's,italian,11096
Teddy Reno,italian,9091
Eddie Cano,easy listening,12087
Martin Ljung,swedish,14131
Jackie Dee,rockabilly,9387
Rita Streich,soprano,17181
Billy Eldridge,rockabilly,8217
Merle Kilgore,rockabilly,10886
Joe Montgomery,rockabilly,8294
Johnny Restivo,Rock and Roll,10828
The Castells,oldies,12779
Kathryn Grayson,female vocalists,14390
Jimmy Patton,rockabilly,10016
Lou Blackburn,jazz,11247
Attila Zoller,jazz,18780
Pete Rugolo,Soundtrack,20859
Jim Flaherty's Caravan,rockabilly,7098
Juanita Reina,copla,11213
Ronnie Dio and the Prophets,Dio,42854
Wink Martindale,50s,7529
Tommy Steele and the Steelmen,50s,9306
Dean Reed,rockabilly,32646
Danny Dell,rockabilly,7432
Billy Burnette,rockabilly,21149
Pee Wee King & His Golden West Cowboys,country,7238
Bibi Johns,Schlager,16199
Hazy Osterwald,deutsch,9827
As Diabatz,psychobilly,98610
Little Joe Cook & The Thrillers,pop,8037
Sonny West,rockabilly,8653
Bill Lawrence,rockabilly,9213
Kai-Ray,rockabilly,8086
Mysterymen,electro,12741
José Guardiola,spain,11571
Lalo Guerrero,folk,9758
Larry Dowd,rockabilly,6643
Christian Forss,pop,16895
Steve Carl,rockabilly,7196
Dolly Rathebe,jazz,6600
Los Alegres de Terán,mexico,16018
Harold Dorman,50s,7762
Ethel Ennis,jazz,20383
Pío Leyva,cuba,10945
Judy Holliday,jazz,11267
Leroy Vinnegar,jazz,14901
Kim Lenz,rockabilly,18392
King Palmer,Soundtrack,21384
Blanca Rosa Gil,cuba,13584
Justin Tubb,rockabilly,25399
Julie Wilson,jazz,11047
Carlos Argentino,latin,9750
Bunny Paul,rockabilly,9955
Maylon Humphries,rockabilly,6654
Commonwealth Jones,rockabilly,8151
The DeCastro Sisters,vocal,7641
Camillo Felgen,schlageroldies,8885
Gloria Grahame,50s,7762
Elroy Dietzel,rockabilly,7300
Ruth Wallis,cabaret,14823
Annie Laurie,blues,9659
Eileen Rodgers,female vocalists,10394
Russ Hamilton,british,8011
Billy Gayles,rhythm and blues,7584
Royce Porter,rockabilly,6914
Lew Williams,rockabilly,12968
Betty Hall Jones,boogie woogie,7872
Lillian Briggs,rockabilly,8280
Lupita Palomera,bolero,7821
Sir John Betjeman,poetry,19820
J.C. Hill,rockabilly,5764
Rex Garvin,soul,5983
Mitch Miller & His Orchestra,Soundtrack,8364
Carlos Gonzaga,brazilian,8363
Tommy Bell,rockabilly,6821
Bernard Peiffer,jazz,14871
Jerry Warren,rockabilly,5795
Vernon Taylor,rockabilly,6967
Cliffie Stone,country,6731
Barbara Lea,jazz,12755
Amparo Montes,latin,10170
Merceditas Valdés,cuba,9468
Carlos Saura,jamendo,15544
Joe D Johnson,rockabilly,5680
Kathy Linden,60s,8159
Ethel Azama,exotica,13946
Bob Manning,jazz,7775
Jimmy Haggett,rockabilly,6490
Danny Wheeler,Drum and bass,8486
Ron Haydock & The Boppers,rockabilly,10356
Connie Haines,jazz,7044
Bobby & Terry Caraway,rockabilly,5517
Bill Justis & His Orchestra,rockabilly,6623
Jorge Sepúlveda,spain,9637
Cherry Casino and the Gamblers,rockabilly,19783
Fran Warren,jazz,8648
The Six Teens,doo wop,7613
Benny Bailey,jazz,9421
Los Hermanos Castro,world,10715
Jimmy Dee & The Offbeats,rockabilly,5469
Carlos Lico,spanish,10684
Buddy Bregman,arranger,9031
Anneliese Rothenberger,Classical,9015
Jimmie Skinner,country,8274
Helena Siltala,jazz,11167
Larry Collins,rockabilly,6559
Abbe Lane,jazz,13893
Antonio Bribiesca,guitar,20835
The Marigolds,oldies,5805
The Marigolds,oldies,5805
The Marigolds,oldies,5805
La Plata Sextette,latin,6226
Siobhan Fahey,electronic,19473
Horst Winter,Schlager,9939
Faye Richmonde,novelty,10102
Subterranean Hawks,Oi,10963
Eugene Remus,soul,7397
Celio González,bolero,7966
Nick & the Jaguars,Surf,6190
The Chanters,doo wop,9221
Glenn Honeycutt,rockabilly,7231
Roy Hogsed,country,8655
Larry Phillipson,rockabilly,5060
Don Wade,rockabilly,5632
Galaxies,electronic,8152
Harold Lloyd Jenkins,rockabilly,5541
Eugene Church,Rock and Roll,7780
Joe Houston Orchestra,rockabilly,4157
John Shakespeare,jazz,9501
Texabilly Rockets,rockabilly,23715
Chico Leverett,soul,5999
Chuck Miller,boogie woogie,7644
Los Montejo,latin,6049
Lonnie Allen,rockabilly,5030
Orchester Frank Pleyer,lounge,7276
Emilio """"""""El Moro"""""""",spanish bizarro,13706
Carmen Delia Dipini,latin,7279
Marion Ryan,female vocalists,4656
Marti Brom,rockabilly,20749
Nana Gualdi,60s,6131
Shirley Gunter & The Queens,rhythm and blues,4890
Dick James,50s,5035
Chuy Reyes & His Orchestra,mambo,8654
Los Dos Oros,mariachi,8273
Rita Paul,deutsch,7255
Peter Coyle,80s,5153
Donald Peers,50s,5999
Orquesta Huambaly,cumbia,18504
John Kerby,rockabilly,4496
Anita Kerr,lounge,14669
Luis Pérez Meza,ranchera,7093
María Victoria,spanish,10192
Jerry Harris,reggae,7377
Crown Prince Waterford,piano,5194
Rubén Rada,uruguay,11705
Huelyn Duvall,rockabilly,9689
Ron & Bill,soul,4959
Snoddas,seen live,24279
Buddy & Ella Johnson,rhythm and blues,6654
Gerd Böttcher,60s,7459
Gualberto Castro,pop,7472
Kenny & The Cadets,Surf,5200
Clint Miller,rockabilly,5535
Charline Arthur,country,8035
Billy & Lillie,All,7575
Giorgio Consolini,Italy,6094
Kay Thompson,jazz,6069
Lattimore Brown,soul,8631
Buddy & Bob,rockabilly,10131
Roberto Cantoral,latin,5833
Joseíto Mateo,merengue,6247
Fernando Albuerne,latin,6285
Jodie Sands,female vocalists,6242
Mel Lewis,jazz,6066
Dickie Pride,rock n roll,5313
Peter Kreuder,Classical,11891
Margie Rayburn,pop,4578
Skip Stanley,rockabilly,4547
Don Rondo,50s,5192
Kilima hawaiians,folk,11939
Haukur Morthens,icelandic,32843
Cathy Sharpe,rockabilly,3144
Pupi Campo,cuba,4295
Rudy Calzado,latin,4890
Brigitte Handley,psychobilly,15544
Mitchell Torok,rockabilly,4867
Hugo Friedhofer,Soundtrack,10615
Lou Preager & His Orchestra,swing,4413
Charlie Spivak and His Orchestra,jazz,3657
Marie-José,french,3820
Martha Carson,rockabilly,3861
Mavis Rivers,swing,5307
Joe Morello,jazz,10172
Nick Curran,blues,26739
Paco Michel,vintage Mexico,3238
Bobby Smith,rockabilly,4643
Bobby Smith,rockabilly,4643
Bobby Smith,rockabilly,4643
Gino Latilla,50s,5437
Leo Fuld,yiddish,11684
The Five Crowns,doo wop,4006
Jimmi Accardi,rockabilly,4115
Nino & The Ebb Tides,doo-wop,5507
Dorothy Shay,female vocalists,5194
Luigi Alva,opera,5626
The Ray-O-Vacs,rhythm and blues,4752
Nemours Jean-Baptiste,world,4504
Illo Schieder,oldies,5150
Johnny & Rijk,60s,4265
Marimba Chiapas,folk,11100
Marylin Scott,blues,2597
Alan Freed,Rock and Roll,2680
Jazz Epistles,african jazz,8102
Atomic Sunset,rockabilly,4830
Capitão Fantasma,psychobilly,26873
Betty Bennett,jazz,4324
Jimmy Wilson,blues,4435
Jimmy Wilson,blues,4435
Lázaro Ros,Bata,6341
Mimi Roman,rockabilly,3726
Big Boy Myles,blues,3528
Shirley Gunter,doo-wop,3593
Jimmy Isle,rockabilly,3877
Margot Hielscher,Eurovision,4366
Hank Williams and His Drifting Cowboys,country,5154
Gösta Ekman,60s,4395
The Rivileers,doo wop,3416
Fascinators,doo wop,3344
Billy Smith,rockabilly,3516
Fernando Fernández,vintage Mexico,4591
Chuck Wiley,rockabilly,6779
Linda Lawson,jazz,4527
Yvonne de Carlo,50s,4056
Lola Albright,jazz,6613
Irma Serrano,mexico,7145
Jump Jackson & His Orchestra,blues,2579
Joey Powers,male vocalists,2940
Franca Raimondi,Eurovision,3106
Sunny Gale,pop,4170
Florian Zabach,violin,2987
The Four Buddies,doo wop,3131
The Dream Weavers,oldies,2844
Monsueto,samba,7364
Mike Preston,download,4267
Polly Bergen,jazz,7711
Vince Eager,pop,4416
Salvador Bacarisse,Classical,4930
Eric Winstone & His Orchestra,60s,3422
Norman Fox & The Rob-Roys,Rock and Roll,3129
Ernie Fields Orchestra,sax,2900
The Cochran Brothers,rockabilly,6291
Norrie Paramor & His Orchestra,Classical,4061
Ana María González,latin,4037
Jo Basile,accordion,9026
Jonathan Tunick,60s,4800
Doris Drew,jazz,6344
Helen Carr,jazz,4931
Bärbel Wachholz,Ostschlager,11927
Joe Bennett,rockabilly,4570
Joe Bennett,rockabilly,4570
Tony Bellus,pop,2698
Savannah Churchill,rhythm and blues,3901
Hula Hawaiian Quartett,romantic,3319
Dave Diddle Day,rockabilly,2789
Sam Lay,blues,2966
Anthony Perkins,power pop,16304
Sam Eskin,folk,3838
Lurlean Hunter,jazz,5348
Sandy Lee,rockabilly women,3005
Lily Berglund,Schlager,3162
Ann Sothern,50s,2229
Max Harris & His Novelty Trio,jazz,2769
Lolita Sevilla,copla,2934
Ross Bagdasarian,american,4398
Tommy Facenda,Rock and Roll,2042
Lauren Bacall,30s,5317
Billy & The Essentials,oldies,2764
Barbara Evans,60s,2055
Fred Weyrich,Schlager,2769
Claire Austin,jazz,5429
Harry Lee,50s,2383
Alberto Beltrán,spanish,3474
Michael Jary,60s,4246
Los Dos Reales,spanish,3625
Freddie Bell & The Bell Boys,50s,2462
Joan Armstrong,female,3470
Hans Blum,60s,2038
Emilio Tuero,tango,5694
Tommy Dee,memories,1823
Annie de Reuver,oldies,2610
Simone Langlois,60s,2438
Max van Praag,60s,2775
Jill Corey,female vocalists,2723
Raquel Meller,spain,3257
Jamie Horton,pop,2612
Las Hermanas Padilla,spanish,4130
Delia Murphy,female vocalists,2852
Marceau,50s,3064
Steve Race,Soundtrack,2661
Los Hermanos Arriagada,latin,4249
Joop de Knegt,dutch,1630
Darrell Glenn,50s,1738
John Woodhouse,60s,3325
Richard Bennett,guitar,10203
Joe Valle,spanish,2626
The Bell Sisters,50s,1919
Kay Cee Jones,pop,2027
Alison Jiear,Disco,5688
Jörg Maria Berg,deutsch,3374
Arthur Lee Maye & The Crowns,male vocalists,2909
Lionel Newman,Classical,2961
Lynn Pratt,rockabilly,1919
Bobby Capó, Sr.,under 2000 listeners,2903
Al Sweatt,rockabilly,1923
Jorge Yáñez,chile,1716
Audrey Morris,jazz,4020
Steve Hooker,rockabilly,2174
Edie Adams,female vocalist,2816
Jo Leemans,Belgium,2797
Fud Leclerc,Eurovision,2978
Manuel Ausensi,opera,3163
Red Buttons,vocal,1483
Dany Dauberson,Eurovision,1821
Norman Gimbel,Soundtrack,1456
Elisabeth Grümmer,soprano,2146
Jackie Lowell,rockabilly,1772
Hermann Leopoldi,swing,2706
Charlie Burse,rockabilly,1218
Toni Arden,easy listening,3127
Max Woiski,60s,2622
Lily Pons,soprano,3069
Tina Louise,jazz,2965
Buddy Clinton,pop,1337
Alejandro Algara,spanish,2201
Frans van Schaik,dutch,1152
Henri René,jazz,3474
Henny Youngman,british,3064
Big Joe Turner & His Blues Kings,rockabilly,1468
Donna Dameron,rockabilly,1652
Mathé Altéry,Eurovision,1670
Lonny Kellner,50s,1457
Steve Gibson & The Red Caps,rhythm and blues,2674
Connie Russell,pop,2107
Astrid Varnay,soprano,3602
Conjunto Matamoros,latin,1824
Marilyn Maxwell,jazz,1095
Carmen Ghia & The Hotrods,rockabilly,4846
Jules Blattner,rockabilly,1401
The Sparkletones,50s,2128
Bobby Poe,rockabilly,1552
Miliza Korjus,soprano,3270
The Rollettes,Rock and Roll,1104
Paul Page,exotica,3868
Carlos Román,cumbia,1087
Graciela,jazz,1426
Nick Noble,50s,1296
Griselda Siciliani,classic rock,1408
Mambo Jambo,seen live,1932
Sidney Torch & His Orchestra,instrumental,1179
Billy Bunn & His Buddies,rhythm and blues,1037
Louis Levy,Classical,1858
Damiron y Chapuseaux,spanish,1517
The Three Chuckles,jazz,1110
Ralph Marterie and his Marlboro Men,easy listening,1111
Blankenship Brothers,rockabilly,1477
María Luisa Landín,spanish,2092
Steve Rossi,50s,1018
Steve Rossi,50s,1018
Little Rachel,rockabilly,4398
Bertice Reading,blues,1375
Art Adams & The Rhythm Knights,rockabilly,1222
Janet Blair,jazz vocal,1759
Estrellita de Palma,copla,1100
Al Alberts,50s,1321
Cowboys From Outerspace,Garage Rock,3057
Rosita Quintana,tango,4097
Maynard Horlick,rockabilly,1210
Jose Melis,60s,1243
Antonio Amaya,spanish,879
Stoltz Brothers,rockabilly,811
Angèle Durand,evergreen,1210
Yayo El Indio,60s,761
Eva Garza,spanish,1464
Eliane Embrun,french,1355
Rev. T.E. Weems,gospel,822
Jess Thomas,Classical,1740
The Delta Skiffle Group,Skiffle,781
Nicky Kay and His Fabulous Kay-Tones,rockabilly,1875
James Kok,All,1525
The Seabirds,rock,2029
Johnny Earle,country,1055
Bobby DeWitt,rockabilly,806
Pirron und Knapp,50s,3922
Carmélia Alves,Bossa Nova,3267
Joy Layne,Rock and Roll,699
The Mary Kaye Trio,60s,1358
Pedro Secundino Ortiz Dávila,spanish,932
Dean Gitter,folk,4996
Jackie Fautheree,rock,907
Bobby Nelson,rockabilly,1206
Odilio Gonzales,spanish,1068
The Norvells,soul,667
Johnny Olenn,Soundtrack,1078
Danderliers,doo-wop,664
Hermanas Hernández,spanish,981
Bruno Rosettani,Italy,949
Ellen De Lima,Bossa Nova,1891
Orville Couch,rockabilly,1019
Joannie King,rockabilly,908
The DeJohn Sisters,50s,596
Jimmy Wright,rockabilly,1274
Die Monacos,50s,803
Jan Amber,rockabilly,528
Sonia y Myriam,bolero,734
Harry Ruby,tin pan alley,702
Johnny Otis Quintette,blues,541
Debra Lewis,pop,613
Rubén Fuentes,spanish,675
Little Willie Brown,50s,802
Betty Reilly,vocal,673
Georgie Shaw,50s,403
Paula Castle,jazz,1035
Lucille Dumont,french,621
Daydreamers,rockabilly,990
Käthe Dorsch,oldies,436
Bob Keene Orchestra,lounge,847
Joe Lombardie,classic rock,547
Playboy Fuller,blues,480
Vince Castro,50s,766
Orquesta Oriental,spanish,405
Die James Brothers,50s,467
The Rocketones,Brooklyn,434
The Boulevards,doo wop,593
José Mojica,vintage Mexico,766
Duo Guarujá,mpb,387
Carlos Cantieni,50s,417
Irma Dorantes,spanish,298
Benny Bennet,latin,699
Hanne Wieder,chanson,665
Beatriz Costa,portuguese,800
Helga Wille,50s,372
Babette Bain,rockabilly,340
Joanie King,rockabilly,337
Beverly Kelly,jazz,831
Steffen Reuter,60s,376
The Dories,50s,372
Mario Alberto Rodríguez,spanish,693
Gunnar Winckler,50s,306
The Vonnair Sisters,50s,418
Damirón,spanish,681
Irma Vila y su Mariachi,spanish,305
Demetrio González,spanish,339
Mattie Moss Clark,american,1796
The Rock-A-Tunes,rockabilly,343
Caribbean Beat Combo,ska,508
Raúl Shaw Moreno,spanish,468
Jimmy Smith & His Ranchhands,classic rock,180
Marvin Miller,60s,375
Max Steinert,50s,218
Judy Proctor,50s,180
Isabel Adams,spanish,203
Marco DiMaggio,rockabilly,395
Manuel Esperón,60s,136
Antoñita Romero,spanish,135
Paul Winchell,60s,325
The Five Budds,rhythm and blues,121
Hermanas Lago,cuba,166
Britt Jordan,50s,676
Brethren Fast,rockabilly,750
The Silver Sisters,50s,155
Chucho Martínez Gil,vintage Mexico,159
Die Ping-Pongs,60s,136
Pat Molittieri,pop,123
Jane Swärd,60s,91
Virginia Mayo,50s,87
Chito Galindo,spanish,63
Chito Galindo,spanish,63
Chorus Meps,50s,161
The Jivetones,60s,37
Big 'T' Tyler,rockabilly,0
Charles Holley,blues,0
Flamingos,soul,0
Johnny Ray,50s,0
Monotones,dutch,0
Music Machine,garage,0
